target_cov,actual_cov,seed,n_aware,n_naive,us_aware,us_naive
0.0,0.0,0,23,23,111.80000728927553,119.6000084746629
0.0,0.0,1,23,23,89.80001439340413,83.79999781027436
0.0,0.0,2,23,23,83.60002539120615,81.80001168511808
0.0,0.0,3,23,23,82.30001549236476,81.09997725114226
0.0,0.0,4,23,23,82.19998562708497,81.20000711642206
0.0,0.0,5,23,23,80.90000483207405,87.39999611862004
0.0,0.0,6,23,23,81.3000078778714,80.19999950192869
0.0,0.0,7,23,23,80.70000330917537,80.09999874047935
0.0,0.0,8,23,23,80.09999874047935,80.19999950192869
0.0,0.0,9,23,23,81.20000711642206,80.30000026337802
0.0,0.0,10,23,23,81.20000711642206,80.30000026337802
0.0,0.0,11,23,23,81.89998334273696,90.99999442696571
0.0,0.0,12,23,23,80.5000017862767,80.5000017862767
0.0,0.0,13,23,23,81.00000559352338,80.70000330917537
0.0,0.0,14,23,23,113.80002251826227,121.99999764561653
0.0,0.0,15,23,23,81.70001092366874,81.09997725114226
0.0,0.0,16,23,23,119.80000999756157,85.49998165108263
0.0,0.0,17,23,23,85.29998012818396,182.9999964684248
0.0,0.0,18,23,23,82.70001853816211,88.80000677891076
0.0,0.0,19,23,23,87.39999611862004,82.20001473091543
0.0,0.0,20,23,23,123.10000602155924,186.49999401532114
0.0,0.0,21,23,23,82.79999019578099,81.09997725114226
0.0,0.0,22,23,23,82.29998638853431,81.10000635497272
0.0,0.0,23,23,23,81.00000559352338,80.40000102482736
0.0,0.0,24,23,23,80.30000026337802,79.89999721758068
0.0,0.0,25,23,23,80.09999874047935,79.89999721758068
0.0,0.0,26,23,23,79.79999645613134,79.99999797903001
0.0,0.0,27,23,23,80.19999950192869,79.99999797903001
0.0,0.0,28,23,23,79.699995694682,79.99999797903001
0.0,0.0,29,23,23,90.49999061971903,81.00000559352338
0.0,0.0,30,23,23,80.80000407062471,80.79997496679425
0.0,0.0,31,23,23,81.20000711642206,80.00002708286047
0.0,0.0,32,23,23,84.50000314041972,80.80000407062471
0.0,0.0,33,23,23,82.20001473091543,81.20000711642206
0.0,0.0,34,23,23,81.40000863932073,85.09997860528529
0.0,0.0,35,23,23,81.79998258128762,81.40000863932073
0.0,0.0,36,23,23,81.3000078778714,86.00001456215978
0.0,0.0,37,23,23,81.59998105838895,152.69999857991934
0.0,0.0,38,23,23,81.3000078778714,80.99997648969293
0.0,0.0,39,23,23,81.1999780125916,81.20000711642206
0.025,0.011641791044776119,0,15,12,122.09999840706587,81.50000940077007
0.025,0.009850746268656717,1,14,12,455.7000065688044,81.00000559352338
0.025,0.011119402985074626,2,15,12,532.6000100467354,89.2000098247081
0.025,0.010895522388059702,3,15,9,443.900004029274,81.1999780125916
0.025,0.01582089552238806,4,13,9,293.6999953817576,81.10000635497272
0.025,0.011940298507462687,5,13,11,444.30000707507133,86.40001760795712
0.025,0.013955223880597015,6,14,10,466.29999997094274,130.80000644549727
0.025,0.011417910447761194,7,13,11,1095.9999926853925,127.49998131766915
0.025,0.015746268656716418,8,12,11,891.9000101741403,81.3000078778714
0.025,0.014626865671641792,9,14,11,269.89998877979815,81.10000635497272
0.025,0.010298507462686568,10,14,13,260.9000075608492,80.80000407062471
0.025,0.01291044776119403,11,13,7,278.89999910257757,80.30000026337802
0.025,0.011194029850746268,12,16,11,260.69997693412006,79.699995694682
0.025,0.007611940298507463,13,16,12,494.40001021139324,79.89999721758068
0.025,0.012238805970149255,14,16,13,266.79999427869916,81.29997877404094
0.025,0.011268656716417911,15,12,9,333.59997905790806,94.39999121241271
0.025,0.010895522388059702,16,15,11,115.70000788196921,81.69998181983829
0.025,0.010970149253731343,17,16,12,414.20001070946455,80.40000102482736
0.025,0.014104477611940298,18,16,15,109.2999882530421,94.79999425821006
0.025,0.01208955223880597,19,17,14,293.3000214397907,82.50001701526344
0.025,0.011791044776119404,20,13,9,267.1999973244965,80.80000407062471
0.025,0.012388059701492538,21,14,10,594.000011915341,87.79999916441739
0.025,0.00917910447761194,22,15,9,119.80000999756157,80.90000483207405
0.025,0.011940298507462687,23,15,9,283.79997820593417,80.30000026337802
0.025,0.011417910447761194,24,15,10,119.80000999756157,82.49998791143298
0.025,0.011268656716417911,25,14,9,275.20000003278255,80.30000026337802
0.025,0.012164179104477611,26,15,13,468.3000151999295,80.69997420534492
0.025,0.01171641791044776,27,14,10,250.99999038502574,79.99999797903001
0.025,0.011119402985074626,28,14,10,431.7000275477767,80.5000017862767
0.025,0.01082089552238806,29,15,8,124.19998529367149,80.09999874047935
0.025,0.009850746268656717,30,14,13,489.40000124275684,80.59997344389558
0.025,0.00873134328358209,31,15,13,428.5000031813979,80.90000483207405
0.025,0.012014925373134328,32,14,10,111.80000728927553,80.30000026337802
0.025,0.015671641791044775,33,14,12,109.30001735687256,81.20000711642206
0.025,0.010746268656716417,34,12,10,272.8000108618289,79.89999721758068
0.025,0.010746268656716417,35,14,12,689.8999854456633,89.69998452812433
0.025,0.014179104477611941,36,13,11,118.5000000987202,80.70000330917537
0.025,0.012835820895522388,37,12,10,469.60002509877086,80.80000407062471
0.025,0.012985074626865671,38,17,14,248.80000273697078,80.90000483207405
0.025,0.014104477611940298,39,13,11,493.30000183545053,80.90000483207405
0.05,0.02343283582089552,0,10,5,532.2000070009381,126.60000356845558
0.05,0.023955223880597017,1,8,6,786.5999941714108,88.40000373311341
0.05,0.021044776119402985,2,7,6,608.4000051487237,86.50001836940646
0.05,0.021791044776119404,3,11,7,499.4999908376485,81.29997877404094
0.05,0.02343283582089552,4,6,5,1383.5999998264015,80.60000254772604
0.05,0.02417910447761194,5,12,9,549.7000238392502,81.6000101622194
0.05,0.022611940298507462,6,9,5,336.29999961704016,80.5000017862767
0.05,0.021791044776119404,7,11,6,463.69998017326,80.5000017862767
0.05,0.02044776119402985,8,12,8,445.3999863471836,80.09999874047935
0.05,0.024925373134328358,9,11,8,846.2000114377588,85.09997860528529
0.05,0.026865671641791045,10,10,6,560.9999934677035,81.70001092366874
0.05,0.02,11,11,7,876.9999840296805,79.79999645613134
0.05,0.022686567164179106,12,10,3,105.90002057142556,79.30002175271511
0.05,0.02134328358208955,13,9,6,670.8999862894416,80.19999950192869
0.05,0.02417910447761194,14,7,4,1486.799999838695,105.10001447983086
0.05,0.022388059701492536,15,10,7,801.5000203158706,86.50001836940646
0.05,0.023208955223880598,16,10,6,309.3999985139817,81.3000078778714
0.05,0.026343283582089552,17,7,3,711.1000013537705,81.89998334273696
0.05,0.02417910447761194,18,9,7,829.70000221394,80.80000407062471
0.05,0.021417910447761195,19,8,5,760.9000022057444,82.19998562708497
0.05,0.02111940298507463,20,10,9,98.80002471618354,82.10001396946609
0.05,0.021940298507462687,21,11,7,108.20000898092985,123.30000754445791
0.05,0.025597014925373134,22,9,7,451.2000014074147,80.70000330917537
0.05,0.02373134328358209,23,7,4,640.3000152204186,85.50001075491309
0.05,0.019850746268656717,24,10,6,110.9000004362315,81.70001092366874
0.05,0.02664179104477612,25,10,8,923.0999858118594,82.69998943433166
0.05,0.01962686567164179,26,9,3,466.90000453963876,84.49997403658926
0.05,0.02380597014925373,27,8,6,571.7999883927405,81.40000863932073
0.05,0.025373134328358207,28,8,7,279.9999783746898,81.20000711642206
0.05,0.025895522388059703,29,7,4,537.7000197768211,80.80000407062471
0.05,0.028134328358208956,30,7,4,595.6999957561493,80.60000254772604
0.05,0.0241044776119403,31,6,4,2146.699989680201,153.50000467151403
0.05,0.025970149253731343,32,9,6,1222.3999947309494,148.899998748675
0.05,0.021940298507462687,33,13,10,557.4999959208071,148.49999570287764
0.05,0.024626865671641792,34,7,4,1167.9999879561365,147.89999113418162
0.05,0.024850746268656715,35,9,6,559.6000119112432,148.19999341852963
0.05,0.02208955223880597,36,9,5,184.89998183213174,148.29999417997897
0.05,0.023880597014925373,37,6,4,1463.7999993283302,147.2999865654856
0.05,0.022313432835820896,38,10,5,490.59998127631843,82.79999019578099
0.05,0.02164179104477612,39,9,4,781.4000127837062,121.69999536126852
0.1,0.047238805970149254,0,5,1,649.2000247817487,81.6000101622194
0.1,0.04783582089552239,1,5,2,439.8000019136816,80.90000483207405
0.1,0.043059701492537315,2,4,3,1556.8000089842826,81.70001092366874
0.1,0.04753731343283582,3,2,0,1156.1000137589872,105.29998689889908
0.1,0.04358208955223881,4,3,1,2010.399999562651,110.59999815188348
0.1,0.04358208955223881,5,4,0,913.9999747276306,80.40000102482736
0.1,0.04955223880597015,6,0,1,929.6000062022358,82.89999095723033
0.1,0.05238805970149254,7,4,1,876.6000100877136,80.90000483207405
0.1,0.03865671641791045,8,3,1,894.7000023908913,81.50000940077007
0.1,0.050746268656716415,9,2,1,1715.7999973278493,84.30000161752105
0.1,0.05022388059701492,10,0,1,914.09997548908,82.00001320801675
0.1,0.04559701492537314,11,1,0,854.099984280765,84.40000237897038
0.1,0.049925373134328356,12,3,1,1120.5999762751162,83.69999704882503
0.1,0.044328358208955226,13,2,0,709.6999906934798,81.00000559352338
0.1,0.04902985074626866,14,3,1,1557.9000173602253,182.09998961538076
0.1,0.052686567164179104,15,3,2,1392.6999818067998,83.29999400302768
0.1,0.04597014925373134,16,0,1,994.3000040948391,86.99999307282269
0.1,0.04470149253731343,17,3,1,1755.2999779582024,82.10001396946609
0.1,0.0508955223880597,18,0,0,841.7000062763691,82.59998867288232
0.1,0.04582089552238806,19,2,2,1234.100025612861,84.10000009462237
0.1,0.05141791044776119,20,3,1,467.10000606253743,82.09998486563563
0.1,0.05216417910447761,21,3,0,522.5000204518437,104.99998461455107
0.1,0.05246268656716418,22,1,1,1145.4999912530184,89.49998300522566
0.1,0.04567164179104478,23,2,1,1120.3000030945987,81.59998105838895
0.1,0.04492537313432836,24,4,1,559.0999790001661,80.80000407062471
0.1,0.046492537313432836,25,2,2,1801.899983547628,84.7000046633184
0.1,0.05082089552238806,26,3,0,1797.9000112973154,81.6000101622194
0.1,0.04783582089552239,27,5,2,869.5999858900905,81.70001092366874
0.1,0.05141791044776119,28,0,0,884.0999798849225,81.6000101622194
0.1,0.04753731343283582,29,4,1,800.1000096555799,84.80000542476773
0.1,0.045149253731343285,30,3,1,1334.1000012587756,85.69998317398131
0.1,0.04582089552238806,31,5,2,1176.6999959945679,85.99998545832932
0.1,0.042388059701492536,32,5,2,867.0999959576875,82.4000162538141
0.1,0.04298507462686567,33,2,0,1668.4000147506595,80.5000017862767
0.1,0.04708955223880597,34,2,2,1189.600006910041,83.29999400302768
0.1,0.046417910447761196,35,2,1,1581.7999956198037,83.99999933317304
0.1,0.051940298507462686,36,2,2,1069.3000222090632,80.5000017862767
0.1,0.05156716417910448,37,0,1,877.6999893598258,82.59998867288232
0.1,0.049776119402985076,38,3,2,820.0000156648457,80.60000254772604
0.1,0.04805970149253731,39,4,3,1453.5999798681587,81.20000711642206
0.15,0.0676865671641791,0,0,2,1034.500019159168,118.5000000987202
0.15,0.06805970149253732,1,0,1,859.3999955337495,85.30000923201442
0.15,0.07828358208955224,2,1,0,1341.600000159815,81.9999841041863
0.15,0.07679104477611941,3,0,0,858.3000162616372,81.9999841041863
0.15,0.06507462686567164,4,1,1,1083.7999871000648,81.6000101622194
0.15,0.0662686567164179,5,0,1,898.300000699237,82.39998714998364
0.15,0.07343283582089552,6,3,2,1838.1000263616443,81.50000940077007
0.15,0.07,7,2,0,1368.9999759662896,84.50000314041972
0.15,0.07216417910447762,8,0,0,833.9999767486006,82.30001549236476
0.15,0.0717910447761194,9,1,1,1332.6999905984849,85.0000069476664
0.15,0.06432835820895523,10,0,0,917.0000266749412,86.6000191308558
0.15,0.07007462686567165,11,0,1,839.7000201512128,82.50001701526344
0.15,0.06597014925373135,12,1,2,1534.3000122811645,85.89998469687998
0.15,0.06895522388059701,13,2,0,1301.4999858569354,81.9999841041863
0.15,0.06477611940298507,14,1,1,1707.1000183932483,83.80002691410482
0.15,0.07067164179104478,15,0,0,834.3000081367791,81.50000940077007
0.15,0.0732089552238806,16,0,0,829.2999991681427,85.19997936673462
0.15,0.07246268656716418,17,0,0,834.4999805558473,87.19999459572136
0.15,0.06858208955223881,18,0,0,1031.799998600036,87.2999953571707
0.15,0.07223880597014926,19,0,0,827.599986223504,85.20000847056508
0.15,0.06604477611940299,20,0,0,1096.5999972540885,94.69999349676073
0.15,0.06634328358208955,21,0,0,830.4999792017043,93.90001650899649
0.15,0.07492537313432836,22,0,0,852.4000004399568,84.80000542476773
0.15,0.07044776119402985,23,1,0,842.699984787032,80.09999874047935
0.15,0.07171641791044776,24,0,0,842.8999863099307,80.5000017862767
0.15,0.0737313432835821,25,0,1,860.8000061940402,81.6000101622194
0.15,0.06761194029850746,26,1,1,2003.000001423061,87.09999383427203
0.15,0.06873134328358209,27,0,0,853.5000088158995,87.19999459572136
0.15,0.0732089552238806,28,0,0,868.9999813213944,81.80001168511808
0.15,0.06888059701492537,29,2,1,1584.999990882352,82.09998486563563
0.15,0.06917910447761194,30,2,1,1882.199983811006,82.99999171867967
0.15,0.07104477611940299,31,0,0,1440.3000241145492,141.2999990861863
0.15,0.0735820895522388,32,2,0,2316.3000005297363,147.09998504258692
0.15,0.07,33,1,0,1812.4000052921474,143.10001279227436
0.15,0.07544776119402985,34,0,0,1111.799996579066,85.89998469687998
0.15,0.07007462686567165,35,0,0,881.5999899525195,84.10000009462237
0.15,0.0641044776119403,36,1,0,1487.8999791108072,80.60000254772604
0.15,0.06402985074626866,37,1,0,1518.0000045802444,81.40000863932073
0.15,0.07604477611940298,38,0,0,878.8999984972179,82.79999019578099
0.15,0.0691044776119403,39,0,0,871.7000018805265,81.6000101622194
0.25,0.11298507462686568,0,0,0,865.2999822515994,86.00001456215978
0.25,0.10917910447761194,1,0,0,851.7999958712608,83.00002082251012
0.25,0.11425373134328358,2,0,0,850.1999836880714,82.69998943433166
0.25,0.11186567164179105,3,0,0,1102.6999854948372,88.50000449456275
0.25,0.11932835820895522,4,0,0,1408.3999849390239,147.10001414641738
0.25,0.11365671641791045,5,0,0,900.4000166896731,83.8999985717237
0.25,0.11149253731343284,6,0,0,892.5999864004552,92.70000737160444
0.25,0.12776119402985076,7,0,0,854.2000141460449,83.99999933317304
0.25,0.11231343283582089,8,0,0,860.6000046711415,101.6999885905534
0.25,0.11619402985074627,9,0,0,860.5000039096922,83.8999985717237
0.25,0.12164179104477611,10,0,0,852.7000027243048,81.69998181983829
0.25,0.10955223880597015,11,0,0,854.2999858036637,81.00000559352338
0.25,0.11828358208955224,12,0,0,855.2999934181571,84.30000161752105
0.25,0.11776119402985075,13,0,0,884.0999798849225,82.70001853816211
0.25,0.11671641791044776,14,0,0,860.6999763287604,81.10000635497272
0.25,0.11805970149253732,15,0,0,857.3999803047627,80.5000017862767
0.25,0.11417910447761194,16,0,0,860.1000008638948,81.90001244656742
0.25,0.13,17,0,0,854.099984280765,79.79999645613134
0.25,0.11186567164179105,18,0,0,880.5000106804073,88.99997919797897
0.25,0.12134328358208955,19,0,0,845.7000076305121,109.19998749159276
0.25,0.10992537313432836,20,0,0,941.7999826837331,87.49999688006938
0.25,0.11358208955223881,21,0,0,842.1000093221664,224.19999004341662
0.25,0.12134328358208955,22,0,0,1052.5000107008964,178.7999935913831
0.25,0.11432835820895522,23,1,0,904.3999889399856,81.89998334273696
0.25,0.11917910447761194,24,0,0,1242.0999992173165,89.29998148232698
0.25,0.12425373134328359,25,0,0,898.0000275187194,91.4999982342124
0.25,0.11462686567164179,26,0,0,880.7999838609248,82.29998638853431
0.25,0.12156716417910447,27,0,0,817.4000249709934,113.00001642666757
0.25,0.11201492537313433,28,0,0,852.0999981556088,83.99999933317304
0.25,0.1208955223880597,29,0,0,983.5000091698021,84.60000390186906
0.25,0.11298507462686568,30,0,0,891.0000033210963,87.39999611862004
0.25,0.1214179104477612,31,0,0,875.4000009503216,86.90002141520381
0.25,0.1108955223880597,32,0,0,842.0000085607171,80.79997496679425
0.25,0.12014925373134329,33,0,0,856.9000056013465,81.79998258128762
0.25,0.10298507462686567,34,0,0,928.1999955419451,89.30001058615744
0.25,0.11813432835820896,35,0,0,850.7000165991485,88.09997234493494
0.25,0.11664179104477612,36,0,0,1148.4000133350492,131.49998267181218
0.25,0.11798507462686567,37,0,0,828.5000221803784,82.60001777671278
0.25,0.12201492537313433,38,0,0,841.7000062763691,86.39998850412667
0.25,0.12350746268656716,39,0,0,845.4000053461641,82.69998943433166
